{
  "name": "Tài Xỉu Prediction Tool",
  "image": "mcr.microsoft.com/devcontainers/javascript-node:20",
  "customizations": {
    "vscode": {
      "extensions": [
        "dbaeumer.vscode-eslint",
        "esbenp.prettier-vscode",
        "bradlc.vscode-tailwindcss",
        "ms-vscode.vscode-typescript-next",
        "github.vscode-github-actions"
      ],
      "settings": {
        "editor.formatOnSave": true,
        "editor.defaultFormatter": "esbenp.prettier-vscode",
        "typescript.updateImportsOnFileMove.enabled": "always",
        "javascript.updateImportsOnFileMove.enabled": "always",
        "tailwindCSS.includeLanguages": {
          "typescript": "javascript",
          "typescriptreact": "javascript"
        }
      }
    }
  },
  "forwardPorts": [5000],
  "postCreateCommand": "npm install",
  "postStartCommand": "npm run dev",
  "features": {
    "ghcr.io/devcontainers/features/github-cli:1": {}
  }
}